"Source","Species","Phylum","Order","Family"
"Childress (1975)","Acanthephyra curtirostris","Arthropoda","Decapoda","Acanthephyridae"
"Donnely and Torres (1988)","Acanthephyra purpurea","Arthropoda","Decapoda","Acanthephyridae"
"Cowles et al. (1991)","Acanthephyra smithi","Arthropoda","Decapoda","Acanthephyridae"
"Nilsson et al. (2007)","Acanthochromis polyacanthus","Chordata","Ovalentaria incertae sedis","Pomacentridae"
"Nilsson, G. E., & Östlund-Nilsson, S. (2008). Does size matter for hypoxia tolerance in fish? Biological Reviews, 83(2), 173-189.","Acanthochromis polyacanthus","Chordata","Ovalentaria incertae sedis","Pomacentridae"
"Nilsson, G. E., Hobbs, J. P. A., & Östlund-Nilsson, S. (2007). Tribute to P. L. Lutz: Respiratory ecophysiology of coral-reef teleosts. Journal of Experimental Biology, 210(10), 1673-1686.","Acanthochromis polyacanthus","Chordata","Ovalentaria incertae sedis","Pomacentridae"
"Hill, J. V., Davison, W., & Marsden, I. D. (1996). Aspects of the respiratory biology of two New Zealand intertidal fishes, Acanthoclinus fuscus and Forsterygion sp. Environmental Biology of Fishes, 45(1), 85-93.","Acanthoclinus fuscus","Chordata","Ovalentaria incertae sedis","Plesiopidae"
"Nilsson, G. E., Hobbs, J. P. A., & Östlund-Nilsson, S. (2007). Tribute to P. L. Lutz: Respiratory ecophysiology of coral-reef teleosts. Journal of Experimental Biology, 210(10), 1673-1686.","Acanthurus grammoptilus","Chordata","Acanthuriformes","Acanthuridae"
"Campbell and Boodman (2004)","Acipenser brevirostrum","Chordata","Acipenseriformes","Acipenseridae"
"Sturdivant et al. (2015)","Alitta succinea","Annelida","Phyllodocida","Nereididae"
"Nilsson, G. E., Hobbs, J. P. A., & Östlund-Nilsson, S. (2007). Tribute to P. L. Lutz: Respiratory ecophysiology of coral-reef teleosts. Journal of Experimental Biology, 210(10), 1673-1686.","Amblygobius phalaena","Chordata","Gobiiformes","Gobiidae"
"Chan and Woo (1978)","Anguilla japonica","Chordata","Anguilliformes","Anguillidae"
"Gordon, M. S., Belman, B. W., & Chow, P. H. (1976). Comparative studies on the metabolism of shallow-water and deep-sea marine fishes. IV. Patterns of aerobic metabolism in the mesopelagic deep-sea fangtooth fish Anoplogaster cornuta. Marine Biology, 35(3), 287-293.","Anoplogaster cornuta","Chordata","Trachichthyiformes","Anoplogastridae"
"Speers-Roesch, B., Richards, J. G., Brauner, C. J., Farrell, A. P., Hickey, A. J., Wang, Y. S., & Renshaw, G. M. (2012). Hypoxia tolerance in elasmobranchs. I. Critical oxygen tension as a measure of blood oxygen transport during hypoxia exposure. J Exp B","Aptychotrema rostrata","Chordata","Rhinopristiformes","Trygonorrhinidae"
"Mandic, M., Todgham, A. E., & Richards, J. G. (2009). Mechanisms and evolution of hypoxia tolerance in fish. Proceedings of the Royal Society B: Biological Sciences, 276(1657), 735-744.","Artedius spp.","Chordata","Perciformes","Cottidae"
"Somo (2022)","Artedius spp.","Chordata","Perciformes","Cottidae"
"Mandic, M., Todgham, A. E., & Richards, J. G. (2009). Mechanisms and evolution of hypoxia tolerance in fish. Proceedings of the Royal Society B: Biological Sciences, 276(1657), 735-744.","Artedius harringtoni","Chordata","Perciformes","Cottidae"
"Somo (2022)","Artedius harringtoni","Chordata","Perciformes","Cottidae"
"Mandic, M., Todgham, A. E., & Richards, J. G. (2009). Mechanisms and evolution of hypoxia tolerance in fish. Proceedings of the Royal Society B: Biological Sciences, 276(1657), 735-744.","Artedius lateralis","Chordata","Perciformes","Cottidae"
"Somo (2022)","Artedius lateralis","Chordata","Perciformes","Cottidae"
"Nilsson, G. E., Hobbs, J. P. A., & Östlund-Nilsson, S. (2007). Tribute to P. L. Lutz: Respiratory ecophysiology of coral-reef teleosts. Journal of Experimental Biology, 210(10), 1673-1686.","Asterropteryx semipunctata","Chordata","Gobiiformes","Gobiidae"
"Nilsson, G. E., Hobbs, J. P. A., & Östlund-Nilsson, S. (2007). Tribute to P. L. Lutz: Respiratory ecophysiology of coral-reef teleosts. Journal of Experimental Biology, 210(10), 1673-1686.","Atrosalarias fuscus","Chordata","Blenniiformes","Blenniidae"
"Hilton, Z., Wellenreuther, M., & Clements, K. D. (2008). Physiology underpins habitat partitioning in a sympatric sister-species pair of intertidal fishes. Functional Ecology, 22(6), 1108-1117.","Bellapiscis lesleyae","Chordata","Blenniiformes","Tripterygiidae"
"Hilton, Z., Wellenreuther, M., & Clements, K. D. (2008). Physiology underpins habitat partitioning in a sympatric sister-species pair of intertidal fishes. Functional Ecology, 22(6), 1108-1117.","Bellapiscis medius","Chordata","Blenniiformes","Tripterygiidae"
"Innes, A. J., & Wells, R. M. G. (1985). Respiration and oxygen transport functions of the blood from an intertidal fish, Helcogramma medium (Tripterygiidae). Environmental Biology of Fishes, 14(2-3), 213-226.","Bellapiscis medius","Chordata","Blenniiformes","Tripterygiidae"
"Mandic, M., Todgham, A. E., & Richards, J. G. (2009). Mechanisms and evolution of hypoxia tolerance in fish. Proceedings of the Royal Society B: Biological Sciences, 276(1657), 735-744.","Blepsias cirrhosus","Chordata","Perciformes","Hemitripteridae"
"Somo (2022)","Blepsias cirrhosus","Chordata","Perciformes","Hemitripteridae"
"Mickel and Childress (1982)","Bythograea thermydron","Arthropoda","Decapoda","Bythograeidae"
"Vargo and Sastry (1977)","Cancer irroratus","Arthropoda","Decapoda","Cancridae"
"Cammen  (1985)","Capitella capitata","Annelida","Capitellida","Capitellidae"
"Nilsson, G. E., Hobbs, J. P. A., & Östlund-Nilsson, S. (2007). Tribute to P. L. Lutz: Respiratory ecophysiology of coral-reef teleosts. Journal of Experimental Biology, 210(10), 1673-1686.","Caracanthus unipinna","Chordata","Perciformes","Scorpaenidae"
"Breteler (1975)","Carcinus maenas","Arthropoda","Decapoda","Carcinidae"
"Slesinger et al. (2019)","Centropristis striata","Chordata","Perciformes","Serranidae"
"Cowles et al. (1991)","Challengerosergia fulgens","Arthropoda","Decapoda","Sergestidae"
"Nilsson, G. E., Hobbs, J. P. A., & Östlund-Nilsson, S. (2007). Tribute to P. L. Lutz: Respiratory ecophysiology of coral-reef teleosts. Journal of Experimental Biology, 210(10), 1673-1686.","Cheilodipterus quinquelineatus","Chordata","Kurtiformes","Apogonidae"
"Ern et al. (2017)","Chromis atripectoralis","Chordata","Ovalentaria incertae sedis","Pomacentridae"
"Nilsson, G. E., & Östlund-Nilsson, S. (2008). Does size matter for hypoxia tolerance in fish? Biological Reviews, 83(2), 173-189.","Chromis atripectoralis","Chordata","Ovalentaria incertae sedis","Pomacentridae"
"Nilsson, G. E., Hobbs, J. P. A., & Östlund-Nilsson, S. (2007). Tribute to P. L. Lutz: Respiratory ecophysiology of coral-reef teleosts. Journal of Experimental Biology, 210(10), 1673-1686.","Chromis atripectoralis","Chordata","Ovalentaria incertae sedis","Pomacentridae"
"Nilsson, G. E., Ostlund-Nilsson, S., Penfold, R., & Grutter, A. S. (2007). From record performance to hypoxia tolerance: respiratory transition in damselfish larvae settling on a coral reef. Proceedings. Biological sciences / The Royal Society, 274(1606),","Chromis atripectoralis","Chordata","Ovalentaria incertae sedis","Pomacentridae"
"Nilsson, G. E., & Östlund-Nilsson, S. (2008). Does size matter for hypoxia tolerance in fish? Biological Reviews, 83(2), 173-189.","Chromis viridis","Chordata","Ovalentaria incertae sedis","Pomacentridae"
"Nilsson, G. E., Hobbs, J. P. A., & Östlund-Nilsson, S. (2007). Tribute to P. L. Lutz: Respiratory ecophysiology of coral-reef teleosts. Journal of Experimental Biology, 210(10), 1673-1686.","Chromis viridis","Chordata","Ovalentaria incertae sedis","Pomacentridae"
"Nilsson, G. E., & Östlund-Nilsson, S. (2008). Does size matter for hypoxia tolerance in fish? Biological Reviews, 83(2), 173-189.","Chrysiptera flavipinnis","Chordata","Ovalentaria incertae sedis","Pomacentridae"
"Mandic, M., Todgham, A. E., & Richards, J. G. (2009). Mechanisms and evolution of hypoxia tolerance in fish. Proceedings of the Royal Society B: Biological Sciences, 276(1657), 735-744.","Clinocottus globiceps","Chordata","Perciformes","Cottidae"
"Somo (2022)","Clinocottus globiceps","Chordata","Perciformes","Cottidae"
"Henriksson, P., Mandic, M., & Richards, J. G. (2008). The osmorespiratory compromise in sculpins: impaired gas exchange is associated with freshwater tolerance. Physiol Biochem Zool, 81(3), 310-319.","Cottus asper","Chordata","Perciformes","Cottidae"
"Mandic, M., Todgham, A. E., & Richards, J. G. (2009). Mechanisms and evolution of hypoxia tolerance in fish. Proceedings of the Royal Society B: Biological Sciences, 276(1657), 735-744.","Cottus asper","Chordata","Perciformes","Cottidae"
"Ern et al. (2016)","Cyclopterus lumpus","Chordata","Perciformes","Cyclopteridae"
"Haney, D. C., & Nordlie, F. G. (1997). Influence of environmental salinity on routine metabolic rate and critical oxygen tension of Cyprinodon variegatus. Physiological Zoology, 70(5), 511-518.","Cyprinodon variegatus","Chordata","Cyprinodontiformes","Cyprinodontidae"
"Nilsson, G. E., & Östlund-Nilsson, S. (2008). Does size matter for hypoxia tolerance in fish? Biological Reviews, 83(2), 173-189.","Dascyllus aruanus","Chordata","Ovalentaria incertae sedis","Pomacentridae"
"Nilsson, G. E., Hobbs, J. P. A., & Östlund-Nilsson, S. (2007). Tribute to P. L. Lutz: Respiratory ecophysiology of coral-reef teleosts. Journal of Experimental Biology, 210(10), 1673-1686.","Dascyllus aruanus","Chordata","Ovalentaria incertae sedis","Pomacentridae"
"Nilsson, G. E., & Östlund-Nilsson, S. (2008). Does size matter for hypoxia tolerance in fish? Biological Reviews, 83(2), 173-189.","Dascyllus reticulatus","Chordata","Ovalentaria incertae sedis","Pomacentridae"
"Cerezo Valverde, J., Marítnez López, F. J., & García García, B. (2006). Oxygen consumption and ventilatory frequency responses to gradual hypoxia in common dentex (Dentex dentex): Basis for suitable oxygen level estimations. Aquaculture, 256(1-4), 542-551","Dentex dentex","Chordata","Eupercaria incertae sedis","Sparidae"
"Cerezo Valverde and Garcia (2004)","Diplodus puntazzo","Chordata","Eupercaria incertae sedis","Sparidae"
"Birk (2018)","Doryteuthis (Amerigo) pealeii","Mollusca","Myopsida","Loliginidae"
"Endress et al (2024)","Doryteuthis opalescens","Mollusca","Myopsida","Loliginidae"
"Trueblood & Seibel 2013","Dosidicus gigas","Mollusca","Oegopsida","Ommastrephidae"
"Cook, D. G., Brown, E. J., Lefevre, S., Domenici, P., & Steffensen, J. F. (2014). The response of striped surfperch embiotoca lateralis to progressive hypoxia: Swimming activity, shoal structure, and estimated metabolic expenditure. Journal of Experimental Marine Biology and Ecology, 460, 162-169.","Embiotoca lateralis","Chordata","Ovalentaria incertae sedis","Embiotocidae"
"Mandic, M., Todgham, A. E., & Richards, J. G. (2009). Mechanisms and evolution of hypoxia tolerance in fish. Proceedings of the Royal Society B: Biological Sciences, 276(1657), 735-744.","Enophrys bison","Chordata","Perciformes","Cottidae"
"Somo (2022)","Enophrys bison","Chordata","Perciformes","Cottidae"
"Hill, J. V., Davison, W., & Marsden, I. D. (1996). Aspects of the respiratory biology of two New Zealand intertidal fishes, Acanthoclinus fuscus and Forsterygion sp. Environmental Biology of Fishes, 45(1), 85-93.","Forsterygion spp","Chordata","Blenniiformes","Tripterygiidae"
"Donnely and Torres (1988)","Funchalia villosa","Arthropoda","Decapoda","Penaeidae"
"Reemeyer and Rees (2019)","Fundulus grandis","Chordata","Cyprinodontiformes","Fundulidae"
"Cochran, R. E., & Burnett, L. E. (1996). Respiratory responses of the salt marsh animals, Fundulus heteroclitus, Leiostomus xanthurus, and Palaemonetes pugio to environmental hypoxia and hypercapnia and to the organophosphate pesticide, azinphosmethyl. Jo","Fundulus heteroclitus","Chordata","Cyprinodontiformes","Fundulidae"
"Richards, J. G., Sardella, B. A., & Schulte, P. M. (2008). Regulation of pyruvate dehydrogenase in the common killifish, Fundulus heteroclitus, during hypoxia exposure. Am J Physiol Regul Integr Comp Physiol, 295(3), R979-990.","Fundulus heteroclitus","Chordata","Cyprinodontiformes","Fundulidae"
"Corkum, C. P., & Gamperl, A. K. (2009). Does the ability to metabolically downregulate alter the hypoxia tolerance of fishes?: A comparative study using cunner (T. adspersus) and Greenland cod (G. ogac). Journal of Experimental Zoology Part A: Ecological Genetics and Physiology, 311(4), 231-239.","Gadus macrocephalus","Chordata","Gadiformes","Gadidae"
"Steffensen, J. F., Bushnell, P. G., & Schurmann, H. (1994). Oxygen consumption in four species of teleosts from Greenland: no evidence of metabolic cold adaptation. Polar Biology, 14(1), 49-54.","Gadus macrocephalus","Chordata","Gadiformes","Gadidae"
"Claireaux et al. (2000)","Gadus morhua","Chordata","Gadiformes","Gadidae"
"Schurmann and Stefenson (1992)","Gadus morhua","Chordata","Gadiformes","Gadidae"
"Schurmann, H., & Steffensen, J. F. (1997). Effects of temperature, hypoxia and activity on the metabolism of juvenile Atlantic cod. J Fish Biol, 50(6), 1166-1180.","Gadus morhua","Chordata","Gadiformes","Gadidae"
"Childress (1975)","Gaussia princeps","Arthropoda","Calanoida","Metridinidae"
"Wishner et al. (2018)","Gennadas spp","Arthropoda","Decapoda","Benthesicymidae"
"Donnely and Torres (1988)","Gennadas valens","Arthropoda","Decapoda","Benthesicymidae"
"Lefevre et al. (2015)","Gibberulus gibbosus","Mollusca","Littorinimorpha","Strombidae"
"Nilsson, G. E., Hobbs, J. P. A., & Östlund-Nilsson, S. (2007). Tribute to P. L. Lutz: Respiratory ecophysiology of coral-reef teleosts. Journal of Experimental Biology, 210(10), 1673-1686.","Gobiodon acicularis","Chordata","Gobiiformes","Gobiidae"
"Nilsson, G. E., Hobbs, J. P. A., & Östlund-Nilsson, S. (2007). Tribute to P. L. Lutz: Respiratory ecophysiology of coral-reef teleosts. Journal of Experimental Biology, 210(10), 1673-1686.","Gobiodon axillaris","Chordata","Gobiiformes","Gobiidae"
"Nilsson, G. E., Hobbs, J. P. A., & Östlund-Nilsson, S. (2007). Tribute to P. L. Lutz: Respiratory ecophysiology of coral-reef teleosts. Journal of Experimental Biology, 210(10), 1673-1686.","Gobiodon ceramensis","Chordata","Gobiiformes","Gobiidae"
"Nilsson, G. E., Hobbs, J. P. A., & Östlund-Nilsson, S. (2007). Tribute to P. L. Lutz: Respiratory ecophysiology of coral-reef teleosts. Journal of Experimental Biology, 210(10), 1673-1686.","Gobiodon erythrospilus","Chordata","Gobiiformes","Gobiidae"
"Nilsson, G. E., Hobbs, J. P., Munday, P. L., & Östlund-Nilsson, S. (2004). Coward or braveheart: Extreme habitat fidelity through hypoxia tolerance in a coral-dwelling goby. Journal of Experimental Biology, 207(1), 33-39.","Gobiodon erythrospilus","Chordata","Gobiiformes","Gobiidae"
"Sörensen, C., Munday, P. L., & Nilsson, G. E. (2014). Aerobic vs. anaerobic scope: Sibling species of fish indicate that temperature dependence of hypoxia tolerance can predict future survival. Global Change Biology, 20(3), 724-729.","Gobiodon erythrospilus","Chordata","Gobiiformes","Gobiidae"
"Nilsson, G. E., Hobbs, J. P. A., & Östlund-Nilsson, S. (2007). Tribute to P. L. Lutz: Respiratory ecophysiology of coral-reef teleosts. Journal of Experimental Biology, 210(10), 1673-1686.","Gobiodon histrio","Chordata","Gobiiformes","Gobiidae"
"Nilsson, G. E., Hobbs, J. P., Munday, P. L., & Östlund-Nilsson, S. (2004). Coward or braveheart: Extreme habitat fidelity through hypoxia tolerance in a coral-dwelling goby. Journal of Experimental Biology, 207(1), 33-39.","Gobiodon histrio","Chordata","Gobiiformes","Gobiidae"
"Sörensen, C., Munday, P. L., & Nilsson, G. E. (2014). Aerobic vs. anaerobic scope: Sibling species of fish indicate that temperature dependence of hypoxia tolerance can predict future survival. Global Change Biology, 20(3), 724-729.","Gobiodon histrio","Chordata","Gobiiformes","Gobiidae"
"Nilsson, G. E., Hobbs, J. P. A., & Östlund-Nilsson, S. (2007). Tribute to P. L. Lutz: Respiratory ecophysiology of coral-reef teleosts. Journal of Experimental Biology, 210(10), 1673-1686.","Gobiodon okinawae","Chordata","Gobiiformes","Gobiidae"
"Nilsson, G. E., Hobbs, J. P. A., & Östlund-Nilsson, S. (2007). Tribute to P. L. Lutz: Respiratory ecophysiology of coral-reef teleosts. Journal of Experimental Biology, 210(10), 1673-1686.","Gobiodon unicolor","Chordata","Gobiiformes","Gobiidae"
"BERSCHICK, P., BRIDGES, C. R., & GRIESHABER, M. K. (1987). The Influence of Hyperoxia, Hypoxia and Temperature on the Respiratory Physiology of the Intertidal Rockpool Fish Gobius Cobitis Pallas. Journal of Experimental Biology, 130(1), 368-387.","Gobius cobitis","Chordata","Gobiiformes","Gobiidae"
"Young (1973)","Goniopsis cruentata","Arthropoda","Decapoda","Grapsidae"
"Nilsson, G. E., Hobbs, J. P. A., & Östlund-Nilsson, S. (2007). Tribute to P. L. Lutz: Respiratory ecophysiology of coral-reef teleosts. Journal of Experimental Biology, 210(10), 1673-1686.","Halichoeres melanurus","Chordata","Eupercaria incertae sedis","Labridae"
"Shen et al. (2020)","Haliotis discus","Mollusca","Lepetellida","Haliotidae"
"Somo (2022)","Hemilepidotus hemilepidotus","Chordata","Perciformes","Cottidae"
"Routley, M. H., Nilsson, G. E., & Renshaw, G. M. C. (2002). Exposure to hypoxia primes the respiratory and metabolic responses of the epaulette shark to progressive hypoxia. Comparative Biochemistry and Physiology Part A: Molecular & Integrative Physiology, 131(2), 313-321.","Hemiscyllium ocellatum","Chordata","Orectolobiformes","Hemiscylliidae"
"Speers-Roesch, B., Richards, J. G., Brauner, C. J., Farrell, A. P., Hickey, A. J., Wang, Y. S., & Renshaw, G. M. (2012). Hypoxia tolerance in elasmobranchs. I. Critical oxygen tension as a measure of blood oxygen transport during hypoxia exposure. J Exp B","Hemiscyllium ocellatum","Chordata","Orectolobiformes","Hemiscylliidae"
"Birk et al. (2019)","Japetella diaphana","Mollusca","Octopoda","Amphitretidae"
"Nilsson, G. E., Hobbs, J. P. A., & Östlund-Nilsson, S. (2007). Tribute to P. L. Lutz: Respiratory ecophysiology of coral-reef teleosts. Journal of Experimental Biology, 210(10), 1673-1686.","Koumansetta rainfordi","Chordata","Gobiiformes","Gobiidae"
"Nilsson, G. E., Hobbs, J. P. A., & Östlund-Nilsson, S. (2007). Tribute to P. L. Lutz: Respiratory ecophysiology of coral-reef teleosts. Journal of Experimental Biology, 210(10), 1673-1686.","Labroides dimidiatus","Chordata","Eupercaria incertae sedis","Labridae"
"Cochran, R. E., & Burnett, L. E. (1996). Respiratory responses of the salt marsh animals, Fundulus heteroclitus, Leiostomus xanthurus, and Palaemonetes pugio to environmental hypoxia and hypercapnia and to the organophosphate pesticide, azinphosmethyl. Jo","Leiostomus xanthurus","Chordata","Eupercaria incertae sedis","Sciaenidae"
"Marcek et al. (2019)","Leiostomus xanthurus","Chordata","Eupercaria incertae sedis","Sciaenidae"
"Henriksson, P., Mandic, M., & Richards, J. G. (2008). The osmorespiratory compromise in sculpins: impaired gas exchange is associated with freshwater tolerance. Physiol Biochem Zool, 81(3), 310-319.","Leptocottus armatus","Chordata","Perciformes","Cottidae"
"Mandic, M., Todgham, A. E., & Richards, J. G. (2009). Mechanisms and evolution of hypoxia tolerance in fish. Proceedings of the Royal Society B: Biological Sciences, 276(1657), 735-744.","Leptocottus armatus","Chordata","Perciformes","Cottidae"
"Wishner et al. (2018)","Lucicutia hulsemannae","Arthropoda","Calanoida","Lucicutiidae"
"Pelster, B., Bridges, C.R., Grieshaber, M.K., 1988. Respiratory adaptations of the burrowing marine teleost Lumpenus lampretaeformis (Walbaum). II. Metabolic adaptations. J. Exp. Mar. Biol. Ecol. 124, 43√î√∏Œ©55.","Lumpenus lampretaeformis","Chordata","Perciformes","Lumpenidae"
"Cerezo Valverde et al. (2012)","Maja brachydactyla","Arthropoda","Decapoda","Majidae"
"Wishner et al. (2018)","Megacalanus spp","Arthropoda","Calanoida","Megacalanidae"
"Belman and Gordon (1979)","Melanostigma pammelas","Chordata","Perciformes","Zoarcidae"
"Hoff (1967)","Menidia menidia","Chordata","Atheriniformes","Atherinopsidae"
"Marcek et al. (2019)","Micropogonias undulatus","Chordata","Eupercaria incertae sedis","Sciaenidae"
"Lapointe, D., Vogelbein, W. K., Fabrizio, M. C., Gauthier, D. T., & Brill, R. W. (2014). Temperature, hypoxia, and mycobacteriosis: Effects on adult striped bass Morone saxatilis metabolic performance. Diseases of Aquatic Organisms, 108(2), 113-127.","Morone saxatilis","Chordata","Eupercaria incertae sedis","Moronidae"
"Mandic, M., Todgham, A. E., & Richards, J. G. (2009). Mechanisms and evolution of hypoxia tolerance in fish. Proceedings of the Royal Society B: Biological Sciences, 276(1657), 735-744.","Myoxocephalus scorpius","Chordata","Perciformes","Cottidae"
"Artigaud et al. (2014)","Mytilus spp","Mollusca","Mytilida","Mytilidae"
"Staples et al. (2000)","Nautilus pompilius","Mollusca","Nautilida","Nautilidae"
"Wishner et al. (2018)","Nematobrachion flexipes","Arthropoda","Euphausiacea","Euphausiidae"
"Endress et al (2024)","Nematostella vectensis","Cnidaria","Actiniaria","Edwardsiidae"
"Nilsson, G. E., & Östlund-Nilsson, S. (2008). Does size matter for hypoxia tolerance in fish? Biological Reviews, 83(2), 173-189.","Neoglyphidodon melas","Chordata","Ovalentaria incertae sedis","Pomacentridae"
"Nilsson, G. E., Hobbs, J. P. A., & Östlund-Nilsson, S. (2007). Tribute to P. L. Lutz: Respiratory ecophysiology of coral-reef teleosts. Journal of Experimental Biology, 210(10), 1673-1686.","Neoglyphidodon melas","Chordata","Ovalentaria incertae sedis","Pomacentridae"
"Nilsson, G. E., & Östlund-Nilsson, S. (2008). Does size matter for hypoxia tolerance in fish? Biological Reviews, 83(2), 173-189.","Neoglyphidodon nigroris","Chordata","Ovalentaria incertae sedis","Pomacentridae"
"Nilsson, G. E., Hobbs, J. P. A., & Östlund-Nilsson, S. (2007). Tribute to P. L. Lutz: Respiratory ecophysiology of coral-reef teleosts. Journal of Experimental Biology, 210(10), 1673-1686.","Neoglyphidodon nigroris","Chordata","Ovalentaria incertae sedis","Pomacentridae"
"Nilsson, G. E., & Östlund-Nilsson, S. (2008). Does size matter for hypoxia tolerance in fish? Biological Reviews, 83(2), 173-189.","Neopomacentrus azysron","Chordata","Ovalentaria incertae sedis","Pomacentridae"
"Nilsson, G. E., Hobbs, J. P. A., & Östlund-Nilsson, S. (2007). Tribute to P. L. Lutz: Respiratory ecophysiology of coral-reef teleosts. Journal of Experimental Biology, 210(10), 1673-1686.","Neopomacentrus azysron","Chordata","Ovalentaria incertae sedis","Pomacentridae"
"Cowles et al. (1991)","Notostomus elegans","Arthropoda","Decapoda","Acanthephyridae"
"Cowles et al. (1991)","Notostomus gibbosus","Arthropoda","Decapoda","Acanthephyridae"
"Cerezo Valverde and Garcia (2005)","Octopus vulgaris","Mollusca","Octopoda","Octopodidae"
"Mandic, M., Todgham, A. E., & Richards, J. G. (2009). Mechanisms and evolution of hypoxia tolerance in fish. Proceedings of the Royal Society B: Biological Sciences, 276(1657), 735-744.","Oligocottus maculosus","Chordata","Perciformes","Cottidae"
"Somo (2022)","Oligocottus maculosus","Chordata","Perciformes","Cottidae"
"Mandic, M., Todgham, A. E., & Richards, J. G. (2009). Mechanisms and evolution of hypoxia tolerance in fish. Proceedings of the Royal Society B: Biological Sciences, 276(1657), 735-744.","Oligocottus snyderi","Chordata","Perciformes","Cottidae"
"Ott, M. E., Heisler, N. & Ultsch, G. R. (1980). A re-evaluation of the relationship between temperature and the critical oxygen tension in freshwater fishes. Comparative Biochemistry and Physiology 67A, 337√î√∏Œ©340.","Oncorhynchus mykiss","Chordata","Salmoniformes","Salmonidae"
"Svendsen, J. C., Steffensen, J. F., Aarestrup, K., Frisk, M., Etzerodt, A., & Jyde, M. (2012). Excess posthypoxic oxygen consumption in rainbow trout (Oncorhynchus mykiss): Recovery in normoxia and hypoxia. Canadian Journal of Zoology, 90(1), 1-11.","Oncorhynchus mykiss","Chordata","Salmoniformes","Salmonidae"
"Regan, M. D., Kuchel, L. J., Huang, S. S. Y., Higgs, D. A., Wang, J., Schulte, P. M., & Brauner, C. J. (2010). The effect of dietary fish oil and poultry fat replacement with canola oil on swimming performance and metabolic response to hypoxia in stream type spring Chinook salmon parr. Aquaculture, 308(3-4), 183-189.","Oncorhynchus tshawytscha","Chordata","Salmoniformes","Salmonidae"
"Lucey et al. (2023)","Ophioderma cinereum","Echinodermata","Ophiacanthida","Ophiodermatidae"
"Lucey et al. (2023)","Ophiomastix wendtii","Echinodermata","Ophiacanthida","Ophiocomidae"
"Donnely and Torres (1988)","Oplophorus gracilirostris","Arthropoda","Decapoda","Oplophoridae"
"Cowles et al. (1991)","Oplophorus spinosus","Arthropoda","Decapoda","Oplophoridae"
"Ultsch, G., Jackson, D., & Moalli, R. (1981). Metabolic oxygen conformity among lower vertebrates: The toadfish revisited. Journal of comparative physiology, 142(4), 439-443.","Opsanus tau","Chordata","Batrachoidiformes","Batrachoididae"
"Nilsson, G. E., Hobbs, J. P. A., & Östlund-Nilsson, S. (2007). Tribute to P. L. Lutz: Respiratory ecophysiology of coral-reef teleosts. Journal of Experimental Biology, 210(10), 1673-1686.","Ostorhinchus compressus","Chordata","Kurtiformes","Apogonidae"
"Nilsson, G. E., Hobbs, J. P. A., & Östlund-Nilsson, S. (2007). Tribute to P. L. Lutz: Respiratory ecophysiology of coral-reef teleosts. Journal of Experimental Biology, 210(10), 1673-1686.","Ostorhinchus cyanosoma","Chordata","Kurtiformes","Apogonidae"
"Nilsson, G. E., Hobbs, J. P. A., & Östlund-Nilsson, S. (2007). Tribute to P. L. Lutz: Respiratory ecophysiology of coral-reef teleosts. Journal of Experimental Biology, 210(10), 1673-1686.","Ostorhinchus doederleini","Chordata","Kurtiformes","Apogonidae"
"Wells, R. M. (1987). Respiration of antarctic fish from McMurdo Sound. Comp Biochem Physiol A Comp Physiol, 88(3), 417-424.","Pagothenia borchgrevinki","Chordata","Perciformes","Nototheniidae"
"Cook, D. G., Iftikar, F. I., Baker, D. W., Hickey, A. J. R., & Herbert, N. A. (2013). Low-O2 acclimation shifts the hypoxia avoidance behaviour of snapper (Pagrus auratus) with only subtle changes in aerobic and anaerobic function. Journal of Experimental Biology, 216(3), 369-378.","Pagrus auratus","Chordata","Eupercaria incertae sedis","Sparidae"
"Miller et al. (2002)","Palaemon vulgaris","Arthropoda","Decapoda","Palaemonidae"
"Dupont-Prinet et al. 2013","Pandalus borealis","Arthropoda","Decapoda","Pandalidae"
"Childress et al (1990)","Pandalus platyceros","Arthropoda","Decapoda","Pandalidae"
"Crear and Forteath (2001)","Panulirus cygnus","Arthropoda","Decapoda","Palinuridae"
"Ocampo et al. (2003)","Panulirus interruptus","Arthropoda","Decapoda","Palinuridae"
"Nilsson, G. E., Hobbs, J. P. A., & Östlund-Nilsson, S. (2007). Tribute to P. L. Lutz: Respiratory ecophysiology of coral-reef teleosts. Journal of Experimental Biology, 210(10), 1673-1686.","Paragobiodon xanthosoma","Chordata","Gobiiformes","Gobiidae"
"Capossela, K. M., Brill, R. W., Fabrizio, M. C., & Bushnell, P. G. (2012). Metabolic and cardiorespiratory responses of summer flounder Paralichthys dentatus to hypoxia at two temperatures. Journal of fish biology, 81(3), 1043-1058","Paralichthys dentatus","Chordata","Pleuronectiformes","Paralichthyidae"
"Nilsson, G. E., Hobbs, J. P. A., & Östlund-Nilsson, S. (2007). Tribute to P. L. Lutz: Respiratory ecophysiology of coral-reef teleosts. Journal of Experimental Biology, 210(10), 1673-1686.","Paramonacanthus japonicus","Chordata","Tetraodontiformes","Monacanthidae"
"Nilsson, G. E., Hobbs, J. P. A., & Östlund-Nilsson, S. (2007). Tribute to P. L. Lutz: Respiratory ecophysiology of coral-reef teleosts. Journal of Experimental Biology, 210(10), 1673-1686.","Parapercis cylindrica","Chordata","Perciformes","Pinguipedidae"
"Nilsson, G. E., Hobbs, J. P. A., & Östlund-Nilsson, S. (2007). Tribute to P. L. Lutz: Respiratory ecophysiology of coral-reef teleosts. Journal of Experimental Biology, 210(10), 1673-1686.","Parascorpaena mossambica","Chordata","Perciformes","Scorpaenidae"
"Artigaud et al. (2014)","Pecten maximus","Mollusca","Pectinida","Pectinidae"
"Cowles et al. (1991)","Phorcosergia bisulcata","Arthropoda","Decapoda","Sergestidae"
"Donnely and Torres (1988)","Phorcosergia grandis","Arthropoda","Decapoda","Sergestidae"
"Steffensen, J., Lomholt, J., & Johansen, K. (1982). Gill ventilation and O2 extraction during graded hypoxia in two ecologically distinct species of flatfish, the flounder (Platichthys flesus) and the plaice (Pleuronectes platessa). Environmental Biology","Platichthys flesus","Chordata","Pleuronectiformes","Pleuronectidae"
"Quetin and Childress (1976)","Pleuroncodes planipes","Arthropoda","Decapoda","Munididae"
"Timmerman, C. M., & Chapman, L. J. (2004). Behavioral and physiological compensation for chronic hypoxia in the sailfin molly (Poecilia latipinna). Physiological and Biochemical Zoology, 77(4), 601-610.","Poecilia latipinna","Chordata","Cyprinodontiformes","Poeciliidae"
"Nilsson, G. E., & Östlund-Nilsson, S. (2008). Does size matter for hypoxia tolerance in fish? Biological Reviews, 83(2), 173-189.","Pomacentrus amboinensis","Chordata","Ovalentaria incertae sedis","Pomacentridae"
"Nilsson, G. E., Hobbs, J. P. A., & Östlund-Nilsson, S. (2007). Tribute to P. L. Lutz: Respiratory ecophysiology of coral-reef teleosts. Journal of Experimental Biology, 210(10), 1673-1686.","Pomacentrus amboinensis","Chordata","Ovalentaria incertae sedis","Pomacentridae"
"Nilsson, G. E., Ostlund-Nilsson, S., Penfold, R., & Grutter, A. S. (2007). From record performance to hypoxia tolerance: respiratory transition in damselfish larvae settling on a coral reef. Proceedings. Biological sciences / The Royal Society, 274(1606),","Pomacentrus amboinensis","Chordata","Ovalentaria incertae sedis","Pomacentridae"
"Nilsson, G. E., & Östlund-Nilsson, S. (2008). Does size matter for hypoxia tolerance in fish? Biological Reviews, 83(2), 173-189.","Pomacentrus bankanensis","Chordata","Ovalentaria incertae sedis","Pomacentridae"
"Nilsson, G. E., Hobbs, J. P. A., & Östlund-Nilsson, S. (2007). Tribute to P. L. Lutz: Respiratory ecophysiology of coral-reef teleosts. Journal of Experimental Biology, 210(10), 1673-1686.","Pomacentrus bankanensis","Chordata","Ovalentaria incertae sedis","Pomacentridae"
"Nilsson, G. E., & Östlund-Nilsson, S. (2008). Does size matter for hypoxia tolerance in fish? Biological Reviews, 83(2), 173-189.","Pomacentrus coelestis","Chordata","Ovalentaria incertae sedis","Pomacentridae"
"Nilsson, G. E., Hobbs, J. P. A., & Östlund-Nilsson, S. (2007). Tribute to P. L. Lutz: Respiratory ecophysiology of coral-reef teleosts. Journal of Experimental Biology, 210(10), 1673-1686.","Pomacentrus coelestis","Chordata","Ovalentaria incertae sedis","Pomacentridae"
"Nilsson, G. E., & Östlund-Nilsson, S. (2008). Does size matter for hypoxia tolerance in fish? Biological Reviews, 83(2), 173-189.","Pomacentrus lepidogenys","Chordata","Ovalentaria incertae sedis","Pomacentridae"
"Nilsson, G. E., Hobbs, J. P. A., & Östlund-Nilsson, S. (2007). Tribute to P. L. Lutz: Respiratory ecophysiology of coral-reef teleosts. Journal of Experimental Biology, 210(10), 1673-1686.","Pomacentrus lepidogenys","Chordata","Ovalentaria incertae sedis","Pomacentridae"
"Nilsson, G. E., & Östlund-Nilsson, S. (2008). Does size matter for hypoxia tolerance in fish? Biological Reviews, 83(2), 173-189.","Pomacentrus moluccensis","Chordata","Ovalentaria incertae sedis","Pomacentridae"
"Nilsson, G. E., Hobbs, J. P. A., & Östlund-Nilsson, S. (2007). Tribute to P. L. Lutz: Respiratory ecophysiology of coral-reef teleosts. Journal of Experimental Biology, 210(10), 1673-1686.","Pomacentrus moluccensis","Chordata","Ovalentaria incertae sedis","Pomacentridae"
"Nilsson, G. E., & Östlund-Nilsson, S. (2008). Does size matter for hypoxia tolerance in fish? Biological Reviews, 83(2), 173-189.","Pomacentrus philippinus","Chordata","Ovalentaria incertae sedis","Pomacentridae"
"Nilsson, G. E., Hobbs, J. P. A., & Östlund-Nilsson, S. (2007). Tribute to P. L. Lutz: Respiratory ecophysiology of coral-reef teleosts. Journal of Experimental Biology, 210(10), 1673-1686.","Pomacentrus philippinus","Chordata","Ovalentaria incertae sedis","Pomacentridae"
"Nilsson, G. E., Hobbs, J. P. A., & Östlund-Nilsson, S. (2007). Tribute to P. L. Lutz: Respiratory ecophysiology of coral-reef teleosts. Journal of Experimental Biology, 210(10), 1673-1686.","Pristiapogon exostigma","Chordata","Kurtiformes","Apogonidae"
"Hoff (1967)","Pseudopleuronectes americanus","Chordata","Pleuronectiformes","Pleuronectidae"
"Dupont-Prinet, A., Vagner, M., Chabot, D., & Audet, C. (2013). Impact of hypoxia on the metabolism of Greenland halibut (Reinhardtius hippoglossoides). Canadian Journal of Fisheries and Aquatic Sciences, 70(3), 461-469.","Reinhardtius hippoglossoides","Chordata","Pleuronectiformes","Pleuronectidae"
"Barnes, R., King, H., & Carter, C. G. (2011). Hypoxia tolerance and oxygen regulation in Atlantic salmon, Salmo salar from a Tasmanian population. Aquaculture, 318(3-4), 397-401.","Salmo salar","Chordata","Salmoniformes","Salmonidae"
"Remen, M., Oppedal, F., Imsland, A. K., Olsen, R. E., & Torgersen, T. (2013). Hypoxia tolerance thresholds for post-smolt Atlantic salmon: Dependency of temperature and hypoxia acclimation. Aquaculture, 416-417, 41-47.","Salmo salar","Chordata","Salmoniformes","Salmonidae"
"Stevens, D.E., Sutterlin, A. & Cook, T. (1998). Respiratory metabolism and swimming performance in growth hormone transgenic Atlantic salmon. Canadian Journal of Fisheries and Aquatic Sciences, 55:2028-2035,","Salmo salar","Chordata","Salmoniformes","Salmonidae"
"Trueblood (2019)","Salpa fusiformis","Chordata","Salpida","Salpidae"
"Ern et al. (2016)","Sciaenops ocellatus","Chordata","Eupercaria incertae sedis","Sciaenidae"
"Nilsson, G. E., Hobbs, J. P. A., & Östlund-Nilsson, S. (2007). Tribute to P. L. Lutz: Respiratory ecophysiology of coral-reef teleosts. Journal of Experimental Biology, 210(10), 1673-1686.","Scolopsis bilineata","Chordata","Eupercaria incertae sedis","Nemipteridae"
"Mandic, M., Todgham, A. E., & Richards, J. G. (2009). Mechanisms and evolution of hypoxia tolerance in fish. Proceedings of the Royal Society B: Biological Sciences, 276(1657), 735-744.","Scorpaenichthys marmoratus","Chordata","Perciformes","Jordaniidae"
"Somo (2022)","Scorpaenichthys marmoratus","Chordata","Perciformes","Jordaniidae"
"Butler and Taylor (1975)","Scyliorhinus canicula","Chordata","Carcharhiniformes","Scyliorhinidae"
"Nilsson, G. E., Hobbs, J. P. A., & Östlund-Nilsson, S. (2007). Tribute to P. L. Lutz: Respiratory ecophysiology of coral-reef teleosts. Journal of Experimental Biology, 210(10), 1673-1686.","Scyliorhinus canicula","Chordata","Carcharhiniformes","Scyliorhinidae"
"Cowles et al. (1991)","Sergia tenuiremis","Arthropoda","Decapoda","Sergestidae"
"Nilsson, G. E., Hobbs, J. P. A., & Östlund-Nilsson, S. (2007). Tribute to P. L. Lutz: Respiratory ecophysiology of coral-reef teleosts. Journal of Experimental Biology, 210(10), 1673-1686.","Sphaeramia nematoptera","Chordata","Kurtiformes","Apogonidae"
"Hoff (1967)","Sphoeroides maculatus","Chordata","Tetraodontiformes","Tetraodontidae"
"Torres et al (1979)","Stenobrachius leucopsarus","Chordata","Myctophiformes","Myctophidae"
"Fisher (1976)","Styela plicata","Chordata","Stolidobranchia","Styelidae"
"Cowles et al. (1991)","Systellaspis debilis","Arthropoda","Decapoda","Oplophoridae"
"Davenport & Trueman (1985)","Systellaspis debilis","Arthropoda","Decapoda","Oplophoridae"
"Nilsson, G. E., Hobbs, J. P. A., & Östlund-Nilsson, S. (2007). Tribute to P. L. Lutz: Respiratory ecophysiology of coral-reef teleosts. Journal of Experimental Biology, 210(10), 1673-1686.","Taeniamia fucata","Chordata","Kurtiformes","Apogonidae"
"Torres et al (1979)","Tarletonbeania crenularis","Chordata","Myctophiformes","Myctophidae"
"Corkum, C. P., & Gamperl, A. K. (2009). Does the ability to metabolically downregulate alter the hypoxia tolerance of fishes?: A comparative study using cunner (T. adspersus) and Greenland cod (G. ogac). Journal of Experimental Zoology Part A: Ecological Genetics and Physiology, 311(4), 231-239.","Tautogolabrus adspersus","Chordata","Eupercaria incertae sedis","Labridae"
"Fitzgibbon, Q. P., Seymour, R. S., Buchanan, J., Musgrove, R., & Carragher, J. (2010). Effects of hypoxia on oxygen consumption, swimming velocity and gut evacuation in southern bluefin tuna (Thunnus maccoyii). Environmental Biology of Fishes, 89(1), 59-6","Thunnus maccoyii","Chordata","Scombriformes","Scombridae"
"McAllen et al. (1999)","Tigriopus brevicornis","Arthropoda","Harpacticoida","Harpacticidae"
"Geist, S. J., Ekau, W., & Kunzmann, A. (2013). Energy demand of larval and juvenile Cape horse mackerels, Trachurus capensis, and indications of hypoxia tolerance as benefit in a changing environment. Marine Biology, 160(12), 3221-3232.","Trachurus capensis","Chordata","Carangiformes","Carangidae"
"Endress et al (2024)","Tubifex tubifex","Annelida","Tubificida","Naididae"
"Nilsson, G. E., Hobbs, J. P. A., & Östlund-Nilsson, S. (2007). Tribute to P. L. Lutz: Respiratory ecophysiology of coral-reef teleosts. Journal of Experimental Biology, 210(10), 1673-1686.","Valenciennea strigata","Chordata","Gobiiformes","Gobiidae"
"Zakhartsev et al. (2003)","Zoarces viviparus","Chordata","Perciformes","Zoarcidae"
"Nilsson, G. E., Hobbs, J. P. A., & Östlund-Nilsson, S. (2007). Tribute to P. L. Lutz: Respiratory ecophysiology of coral-reef teleosts. Journal of Experimental Biology, 210(10), 1673-1686.","Zoramia fragilis","Chordata","Kurtiformes","Apogonidae"
"Östlund-Nilsson, S., & Nilsson, G. E. (2004). Breathing with a mouth full of eggs: Respiratory consequences of mouthbrooding in cardinalfish. Proceedings of the Royal Society B: Biological Sciences, 271(1543), 1015-1022.","Zoramia fragilis","Chordata","Kurtiformes","Apogonidae"
"Östlund-Nilsson, S., & Nilsson, G. E. (2004). Breathing with a mouth full of eggs: Respiratory consequences of mouthbrooding in cardinalfish. Proceedings of the Royal Society B: Biological Sciences, 271(1543), 1015-1022.","Zoramia leptacanthus","Chordata","Kurtiformes","Apogonidae"
"Nilsson, G. E., Hobbs, J. P. A., & Östlund-Nilsson, S. (2007). Tribute to P. L. Lutz: Respiratory ecophysiology of coral-reef teleosts. Journal of Experimental Biology, 210(10), 1673-1686.","Zoramia leptacanthus","Chordata","Kurtiformes","Apogonidae"
"Chu, J. W. F., & K. S. P. Gale. (2017). Ecophysiological limits to aerobic metabolism in hypoxia determine epibenthic distributions and energy sequestration in the northeast Pacific ocean. Limnology and Oceanography 62:59–74.","Pandalus platyceros","Arthropoda","Decapoda","Pandalidae"
"Chu, J. W. F., & K. S. P. Gale. (2017). Ecophysiological limits to aerobic metabolism in hypoxia determine epibenthic distributions and energy sequestration in the northeast Pacific ocean. Limnology and Oceanography 62:59–74.","Lyopsetta exilis","Chordata","Pleuronectiformes","Pleuronectidae"
"Chu, J. W. F., & K. S. P. Gale. (2017). Ecophysiological limits to aerobic metabolism in hypoxia determine epibenthic distributions and energy sequestration in the northeast Pacific ocean. Limnology and Oceanography 62:59–74.","Grimothea quadrispina","Arthropoda","Decapoda","Munididae"
"Seibel, B. A., J. L. Schneider, S. Kaartvedt, K. F. Wishner, and K. L. Daly. 2016. Hypoxia Tolerance and Metabolic Suppression in Oxygen Minimum Zone Euphausiids: Implications for Ocean Deoxygenation and Biogeochemical Cycles. Integrative and Comparative Biology 56:510–523.","Euphausia eximia","Arthropoda","Euphausiacea","Euphausiidae"
"Scott, M. A., R. S. Dhillon, P. M. Schulte, and J. G. Richards. 2015. Physiology and performance of wild and domestic strains of diploid and triploid rainbow trout (Oncorhynchus mykiss) in response to environmental challenges. Canadian Journal of Fisheries and Aquatic Sciences 72:125–134.","Oncorhynchus mykiss","Chordata","Salmoniformes","Salmonidae"
"Jiang, Q., and I. J. McGaw. 2023. Interactive effects of food deprivation state and hypoxia on the respiratory responses of postprandial rock crabs, Cancer irroratus. Journal of Comparative Physiology B 193:37–55.","Cancer irroratus","Arthropoda","Decapoda","Cancridae"
"Leeuwis, R. H. J., G. W. Nash, R. M. Sandrelli, F. S. Zanuzzo, and A. K. Gamperl. 2019. The environmental tolerances and metabolic physiology of sablefish (Anoplopoma fimbria). Comparative Biochemistry and Physiology Part A: Molecular & Integrative Physiology 231:140–148.","Anoplopoma fimbria","Chordata","Perciformes","Anoplopomatidae"
